{
  "urls": [
    "pianopitchsprite.ogg",
    "pianopitchsprite.m4a",
    "pianopitchsprite.mp3",
    "pianopitchsprite.ac3"
  ],
  "sprite": {
    "A#1": [
      0,
      4704.013605442177
    ],
    "A#2": [
      6000,
      5232.01814058957
    ],
    "A#3": [
      13000,
      3695.986394557824
    ],
    "A#4": [
      18000,
      4368.004535147392
    ],
    "A#5": [
      24000,
      4344.013605442178
    ],
    "A#6": [
      30000,
      2612.2448979591863
    ],
    "A1": [
      34000,
      5135.986394557825
    ],
    "A2": [
      41000,
      4200.000000000003
    ],
    "A3": [
      47000,
      5184.013605442175
    ],
    "A4": [
      54000,
      4368.004535147392
    ],
    "A5": [
      60000,
      4224.013605442181
    ],
    "A6": [
      66000,
      3000
    ],
    "B1": [
      70000,
      4752.01814058957
    ],
    "B2": [
      76000,
      4415.98639455782
    ],
    "B3": [
      82000,
      3864.013605442182
    ],
    "B4": [
      87000,
      3768.0045351473977
    ],
    "B5": [
      92000,
      4295.986394557829
    ],
    "B6": [
      98000,
      2879.9999999999955
    ],
    "C#1": [
      102000,
      4799.999999999997
    ],
    "C#2": [
      108000,
      4775.986394557819
    ],
    "C#3": [
      114000,
      3984.013605442172
    ],
    "C#4": [
      119000,
      4248.004535147387
    ],
    "C#5": [
      125000,
      4055.9863945578345
    ],
    "C#6": [
      131000,
      3215.986394557831
    ],
    "C1": [
      136000,
      4584.01360544218
    ],
    "C2": [
      142000,
      4272.01814058958
    ],
    "C3": [
      148000,
      3599.9999999999945
    ],
    "C4": [
      153000,
      4584.01360544218
    ],
    "C5": [
      159000,
      4680.000000000007
    ],
    "C6": [
      165000,
      4388.571428571424
    ],
    "D#1": [
      171000,
      4824.013605442189
    ],
    "D#2": [
      177000,
      4608.004535147387
    ],
    "D#3": [
      183000,
      4224.013605442167
    ],
    "D#4": [
      189000,
      4175.986394557811
    ],
    "D#5": [
      195000,
      4319.999999999993
    ],
    "D#6": [
      201000,
      3575.9863945578163
    ],
    "D1": [
      206000,
      4800.000000000011
    ],
    "D2": [
      212000,
      4152.0181405895755
    ],
    "D3": [
      218000,
      3840.0000000000036
    ],
    "D4": [
      223000,
      4535.986394557824
    ],
    "D5": [
      229000,
      3479.99999999999
    ],
    "D6": [
      234000,
      3215.986394557831
    ],
    "E1": [
      239000,
      4295.9863945578145
    ],
    "E2": [
      245000,
      4368.004535147406
    ],
    "E3": [
      251000,
      4055.9863945578345
    ],
    "E4": [
      257000,
      4800.000000000011
    ],
    "E5": [
      263000,
      4175.986394557811
    ],
    "E6": [
      269000,
      3168.0045351474178
    ],
    "F#1": [
      274000,
      4824.013605442189
    ],
    "F#2": [
      280000,
      4295.9863945578145
    ],
    "F#3": [
      286000,
      4415.98639455782
    ],
    "F#4": [
      292000,
      4079.999999999984
    ],
    "F#5": [
      298000,
      4104.013605442162
    ],
    "F#6": [
      304000,
      2855.986394557817
    ],
    "F1": [
      308000,
      4055.986394557806
    ],
    "F2": [
      314000,
      4632.018140589594
    ],
    "F3": [
      320000,
      4224.013605442167
    ],
    "F4": [
      326000,
      4199.999999999989
    ],
    "F5": [
      332000,
      4519.183673469399
    ],
    "F6": [
      338000,
      3072.0181405895914
    ],
    "G#1": [
      343000,
      4224.013605442167
    ],
    "G#2": [
      349000,
      4584.01360544218
    ],
    "G#3": [
      355000,
      4895.986394557838
    ],
    "G#4": [
      361000,
      4464.013605442176
    ],
    "G#5": [
      367000,
      4199.999999999989
    ],
    "G#6": [
      373000,
      2592.0181405895732
    ],
    "G1": [
      377000,
      4608.0045351474155
    ],
    "G2": [
      383000,
      4224.013605442167
    ],
    "G3": [
      389000,
      4199.999999999989
    ],
    "G4": [
      395000,
      4848.004535147367
    ],
    "G5": [
      401000,
      4512.018140589589
    ],
    "G6": [
      407000,
      2879.9999999999955
    ]
  }
}