{
  "urls": [
    "pitchsprite.ogg",
    "pitchsprite.m4a",
    "pitchsprite.mp3",
    "pitchsprite.ac3"
  ],
  "sprite": {
    "a4": [
      0,
      5592.018140589569
    ],
    "a5": [
      7000,
      7704.013605442178
    ],
    "a6": [
      16000,
      6528.004535147393
    ],
    "aM": [
      24000,
      1055.9863945578236
    ],
    "ad": [
      27000,
      1055.9863945578236
    ],
    "as4": [
      30000,
      6432.018140589569
    ],
    "as5": [
      38000,
      7200.000000000003
    ],
    "as6": [
      47000,
      6864.013605442175
    ],
    "asM": [
      55000,
      1055.98639455782
    ],
    "asd": [
      58000,
      1055.98639455782
    ],
    "b4": [
      61000,
      5472.018140589569
    ],
    "b5": [
      68000,
      6935.98639455783
    ],
    "b6": [
      76000,
      5929.7959183673465
    ],
    "bd": [
      83000,
      1055.98639455782
    ],
    "bm": [
      86000,
      1055.98639455782
    ],
    "c4": [
      89000,
      6072.018140589563
    ],
    "c5": [
      97000,
      7295.986394557829
    ],
    "c6": [
      106000,
      5640.000000000001
    ],
    "cM": [
      113000,
      984.013605442172
    ],
    "cd": [
      115000,
      1055.98639455782
    ],
    "cs4": [
      118000,
      6695.986394557821
    ],
    "cs5": [
      126000,
      7872.018140589575
    ],
    "cs6": [
      135000,
      5975.986394557822
    ],
    "csM": [
      142000,
      1055.9863945578343
    ],
    "csd": [
      145000,
      1055.9863945578343
    ],
    "d4": [
      148000,
      6815.986394557825
    ],
    "d5": [
      156000,
      7175.986394557811
    ],
    "d6": [
      165000,
      6408.004535147398
    ],
    "dd": [
      173000,
      1055.9863945578343
    ],
    "dm": [
      176000,
      1055.9863945578343
    ],
    "ds4": [
      179000,
      6575.986394557816
    ],
    "ds5": [
      187000,
      7848.004535147396
    ],
    "ds6": [
      196000,
      5712.018140589578
    ],
    "dsM": [
      203000,
      1152.0181405895755
    ],
    "dsd": [
      206000,
      1055.9863945578343
    ],
    "e4": [
      209000,
      6240.000000000009
    ],
    "e5": [
      217000,
      6960.000000000008
    ],
    "e6": [
      225000,
      6072.018140589563
    ],
    "ed": [
      233000,
      1055.9863945578343
    ],
    "em": [
      236000,
      1055.9863945578343
    ],
    "f4": [
      239000,
      6408.004535147398
    ],
    "f5": [
      247000,
      7464.013605442176
    ],
    "f6": [
      256000,
      5735.986394557813
    ],
    "fd": [
      263000,
      1055.9863945578059
    ],
    "fm": [
      266000,
      984.0136054421578
    ],
    "fs4": [
      268000,
      6695.986394557849
    ],
    "fs5": [
      276000,
      8784.01360544217
    ],
    "fs6": [
      286000,
      7152.0181405895755
    ],
    "fsd": [
      295000,
      1055.9863945578059
    ],
    "fsm": [
      298000,
      984.0136054421578
    ],
    "g4": [
      300000,
      6288.0045351473655
    ],
    "g5": [
      308000,
      8375.9863945578
    ],
    "g6": [
      318000,
      6144.013605442183
    ],
    "gd": [
      326000,
      1055.9863945578059
    ],
    "gm": [
      329000,
      984.0136054421578
    ],
    "gs4": [
      331000,
      6264.013605442187
    ],
    "gs5": [
      339000,
      7800.000000000011
    ],
    "gs6": [
      348000,
      6168.004535147418
    ],
    "gsM": [
      356000,
      1199.9999999999886
    ],
    "gsd": [
      359000,
      1055.9863945578059
    ]
  }
}